synthetic_claim_id,allowed_amount,service_count,days_since_last_claim,simulation_group
CLM-0522,710.3,2,69.9,common_pattern
CLM-0738,3474.15,4,11.62,common_pattern
CLM-0741,470.58,3,31.28,common_pattern
CLM-0661,1819.25,3,0.93,common_pattern
CLM-0412,931.67,4,28.8,common_pattern
CLM-0679,365.56,4,27.31,common_pattern
CLM-0627,1078.53,3,43.38,common_pattern
CLM-0514,1209.26,5,21.04,common_pattern
CLM-0860,473.85,4,93.26,common_pattern
CLM-0137,2071.84,3,131.25,common_pattern
CLM-0812,1821.9,3,84.72,common_pattern
CLM-0077,954.18,3,57.12,common_pattern
CLM-0637,784.43,3,7.88,common_pattern
CLM-0974,624.14,2,43.41,common_pattern
CLM-0939,1262.45,5,0.2,common_pattern
CLM-0900,3007.41,3,0.57,common_pattern
CLM-0281,1216.73,4,29.44,common_pattern
CLM-0884,409.74,5,12.3,common_pattern
CLM-0762,1253.14,5,15.37,common_pattern
CLM-0320,1496.4,3,31.76,common_pattern
CLM-0550,1042.25,6,30.92,common_pattern
CLM-0175,296.12,4,37.83,common_pattern
CLM-0372,1079.82,3,25.64,common_pattern
CLM-0528,740.49,4,51.81,common_pattern
CLM-0211,474.05,3,73.71,common_pattern
CLM-0236,255.47,4,58.21,common_pattern
CLM-0102,3571.27,3,44.57,common_pattern
CLM-0987,12277.39,24,0.57,injected_unusual_pattern
CLM-0903,963.9,4,3.46,common_pattern
CLM-0948,459.83,9,13.35,common_pattern
CLM-0347,1190.13,3,62.59,common_pattern
CLM-0140,857.81,5,18.38,common_pattern
CLM-0622,782.76,5,75.39,common_pattern
CLM-0500,3724.4,3,33.6,common_pattern
CLM-0371,404.65,7,44.97,common_pattern
CLM-0199,1145.88,6,17.52,common_pattern
CLM-0688,460.89,2,60.86,common_pattern
CLM-0585,537.64,1,46.77,common_pattern
CLM-0902,1187.62,5,13.03,common_pattern
CLM-0060,2379.08,8,70.13,common_pattern
CLM-0329,1102.47,3,15.06,common_pattern
CLM-0097,995.43,3,10.92,common_pattern
CLM-0313,668.85,4,16.85,common_pattern
CLM-0975,1084.57,2,123.31,common_pattern
CLM-0300,515.4,4,68.75,common_pattern
CLM-0278,1366.58,4,130.83,common_pattern
CLM-0925,272.09,3,15.89,common_pattern
CLM-0602,377.23,3,53.02,common_pattern
CLM-0440,646.74,3,50.47,common_pattern
CLM-0838,2322.72,2,79.23,common_pattern
CLM-0571,476.39,4,65.28,common_pattern
CLM-0880,1266.01,6,53.22,common_pattern
CLM-0262,2646.21,6,0.12,common_pattern
CLM-0579,323.85,4,32.51,common_pattern
CLM-0024,992.11,6,31.46,common_pattern
CLM-0031,1385.04,3,20.82,common_pattern
CLM-0618,1441.11,6,111.5,common_pattern
CLM-0011,480.57,4,13.07,common_pattern
CLM-0222,950.68,3,6.01,common_pattern
CLM-0821,1312.19,3,39.25,common_pattern
CLM-0297,1103.45,3,74.65,common_pattern
CLM-0055,1636.62,2,31.42,common_pattern
CLM-0543,1164.31,5,30.52,common_pattern
CLM-0210,726.86,5,16.08,common_pattern
CLM-0605,324.77,3,22.33,common_pattern
CLM-0693,856.42,5,131.53,common_pattern
CLM-0663,215.07,4,29.92,common_pattern
CLM-0867,897.47,4,115.93,common_pattern
CLM-0071,312.02,2,57.82,common_pattern
CLM-0544,282.78,3,14.47,common_pattern
CLM-0108,1051.72,6,2.0,common_pattern
CLM-0494,355.7,5,15.99,common_pattern
CLM-0591,161.58,3,75.01,common_pattern
CLM-0742,1982.28,6,31.07,common_pattern
CLM-0293,507.57,5,3.85,common_pattern
CLM-0290,1073.23,2,55.51,common_pattern
CLM-0653,773.07,2,51.37,common_pattern
CLM-0040,863.84,4,1.95,common_pattern
CLM-0590,1164.83,4,4.35,common_pattern
CLM-0308,1855.63,3,1.55,common_pattern
CLM-0680,606.09,4,21.93,common_pattern
CLM-0067,787.2,6,33.04,common_pattern
CLM-0276,1080.72,3,38.67,common_pattern
CLM-0068,410.55,4,79.03,common_pattern
CLM-0319,1313.61,7,100.25,common_pattern
CLM-0549,1069.08,4,23.5,common_pattern
CLM-0999,9942.37,37,2.49,injected_unusual_pattern
CLM-0715,1416.34,3,75.31,common_pattern
CLM-0754,402.11,2,30.05,common_pattern
CLM-0328,452.2,4,30.03,common_pattern
CLM-0383,1045.38,6,4.25,common_pattern
CLM-0452,332.34,6,25.18,common_pattern
CLM-0523,739.26,4,49.16,common_pattern
CLM-0219,1450.58,2,103.2,common_pattern
CLM-0788,945.38,6,37.38,common_pattern
CLM-0437,665.76,4,24.35,common_pattern
CLM-0765,1080.08,3,79.57,common_pattern
CLM-0089,627.21,4,133.02,common_pattern
CLM-0064,654.35,6,2.56,common_pattern
CLM-0827,2367.18,6,60.82,common_pattern
CLM-0717,1414.08,5,89.05,common_pattern
CLM-0352,513.33,2,18.18,common_pattern
CLM-0937,714.73,5,23.82,common_pattern
CLM-0257,3181.51,3,51.05,common_pattern
CLM-0636,1276.11,8,4.65,common_pattern
CLM-0645,645.91,2,43.56,common_pattern
CLM-0555,315.22,4,27.89,common_pattern
CLM-0960,2920.05,7,60.79,common_pattern
CLM-0169,2474.67,6,7.64,common_pattern
CLM-0918,582.02,5,35.07,common_pattern
CLM-0529,368.14,2,42.56,common_pattern
CLM-0824,958.81,3,7.76,common_pattern
CLM-0986,11401.86,29,0.38,injected_unusual_pattern
CLM-0817,966.2,3,76.09,common_pattern
CLM-0087,1872.83,4,27.14,common_pattern
CLM-0433,550.02,2,34.33,common_pattern
CLM-0185,760.35,6,56.18,common_pattern
CLM-0979,1368.93,3,34.95,common_pattern
CLM-0535,403.8,6,8.35,common_pattern
CLM-0295,669.18,3,3.38,common_pattern
CLM-0893,361.03,4,34.91,common_pattern
CLM-0426,3598.93,4,17.81,common_pattern
CLM-0714,507.59,2,12.97,common_pattern
CLM-0261,2386.83,6,45.32,common_pattern
CLM-0238,1559.6,5,23.25,common_pattern
CLM-0560,579.47,5,5.61,common_pattern
CLM-0584,768.09,2,20.42,common_pattern
CLM-0446,3788.31,5,32.64,common_pattern
CLM-0868,496.84,2,100.94,common_pattern
CLM-0801,1017.43,4,22.68,common_pattern
CLM-0600,596.19,2,5.55,common_pattern
CLM-0850,769.63,4,86.22,common_pattern
CLM-0266,233.41,4,43.76,common_pattern
CLM-0996,14415.06,32,0.49,injected_unusual_pattern
CLM-0530,937.34,5,13.58,common_pattern
CLM-0056,1390.09,3,64.09,common_pattern
CLM-0121,681.98,4,69.19,common_pattern
CLM-0216,922.43,5,30.51,common_pattern
CLM-0026,383.57,3,15.57,common_pattern
CLM-0073,173.0,2,24.51,common_pattern
CLM-0045,1826.62,2,16.22,common_pattern
CLM-0248,162.85,3,11.98,common_pattern
CLM-0722,874.64,2,16.58,common_pattern
CLM-0282,1277.63,2,62.34,common_pattern
CLM-0894,648.5,4,33.11,common_pattern
CLM-0915,777.5,3,4.95,common_pattern
CLM-0811,537.09,3,27.22,common_pattern
CLM-0245,929.58,4,12.56,common_pattern
CLM-0823,3060.28,2,10.24,common_pattern
CLM-0322,555.52,6,11.7,common_pattern
CLM-0644,1426.09,3,6.1,common_pattern
CLM-0159,383.34,7,8.33,common_pattern
CLM-0978,2307.35,3,35.82,common_pattern
CLM-0430,1189.73,6,65.87,common_pattern
CLM-0942,549.78,2,120.26,common_pattern
CLM-0463,553.31,3,6.78,common_pattern
CLM-0310,510.46,3,66.3,common_pattern
CLM-0698,301.68,4,82.12,common_pattern
CLM-0061,880.3,3,56.29,common_pattern
CLM-0885,393.31,7,3.13,common_pattern
CLM-0596,439.35,3,8.4,common_pattern
CLM-0768,1627.22,5,66.6,common_pattern
CLM-0650,446.72,6,116.05,common_pattern
CLM-0651,958.54,8,87.88,common_pattern
CLM-0866,904.59,5,10.19,common_pattern
CLM-0669,1248.39,4,73.57,common_pattern
CLM-0299,1701.19,4,26.59,common_pattern
CLM-0690,835.44,3,124.23,common_pattern
CLM-0315,635.4,3,11.62,common_pattern
CLM-0311,3145.67,2,8.48,common_pattern
CLM-0362,1098.47,3,30.36,common_pattern
CLM-0480,425.83,2,44.17,common_pattern
CLM-0111,1424.33,8,40.21,common_pattern
CLM-0990,10622.81,25,0.57,injected_unusual_pattern
CLM-0487,958.64,4,85.45,common_pattern
CLM-0364,4341.63,4,61.82,common_pattern
CLM-0255,467.4,2,100.22,common_pattern
CLM-0260,1758.12,4,38.92,common_pattern
CLM-0803,934.87,4,66.06,common_pattern
CLM-0678,986.66,3,48.74,common_pattern
CLM-0495,1474.92,7,58.9,common_pattern
CLM-0671,1205.95,5,53.85,common_pattern
CLM-0378,689.2,2,34.39,common_pattern
CLM-0527,988.79,2,2.84,common_pattern
CLM-0846,910.86,3,10.61,common_pattern
CLM-0138,1771.02,5,42.6,common_pattern
CLM-0356,3531.35,5,93.42,common_pattern
CLM-0366,1125.05,3,53.13,common_pattern
CLM-0943,1067.87,4,30.21,common_pattern
CLM-0750,909.87,2,62.46,common_pattern
CLM-0949,559.84,2,105.82,common_pattern
CLM-0830,2121.64,4,2.89,common_pattern
CLM-0657,415.16,1,64.49,common_pattern
CLM-0200,2798.58,2,5.67,common_pattern
CLM-0214,1123.04,5,4.82,common_pattern
CLM-0409,1193.25,4,16.01,common_pattern
CLM-0333,817.2,6,35.7,common_pattern
CLM-0209,1075.96,4,1.34,common_pattern
CLM-0614,722.67,3,79.13,common_pattern
CLM-0079,294.91,2,13.35,common_pattern
CLM-0030,1060.66,7,8.91,common_pattern
CLM-0536,937.78,2,15.34,common_pattern
CLM-0696,1789.88,3,51.29,common_pattern
CLM-0558,1394.48,5,51.56,common_pattern
CLM-0837,1448.33,5,97.88,common_pattern
CLM-0597,1666.25,6,37.39,common_pattern
CLM-0166,1191.58,5,236.21,common_pattern
CLM-0919,713.89,3,30.36,common_pattern
CLM-0496,1478.86,7,5.98,common_pattern
CLM-0825,441.96,3,23.35,common_pattern
CLM-0066,1240.16,2,31.42,common_pattern
CLM-0142,386.54,4,82.23,common_pattern
CLM-0926,1433.11,6,18.23,common_pattern
CLM-0828,2947.27,2,8.38,common_pattern
CLM-0656,649.82,5,0.88,common_pattern
CLM-0332,632.83,5,31.03,common_pattern
CLM-0665,1631.01,2,17.55,common_pattern
CLM-0250,370.86,5,33.06,common_pattern
CLM-0908,948.88,2,23.24,common_pattern
CLM-0709,519.3,2,48.31,common_pattern
CLM-0306,1879.69,3,74.33,common_pattern
CLM-0735,561.52,3,67.43,common_pattern
CLM-0976,3054.27,3,14.34,common_pattern
CLM-0050,1138.09,2,13.21,common_pattern
CLM-0897,1383.02,4,101.83,common_pattern
CLM-0003,998.03,4,27.62,common_pattern
CLM-0545,732.16,8,4.54,common_pattern
CLM-0351,1096.31,7,21.95,common_pattern
CLM-0905,1090.56,5,57.88,common_pattern
CLM-0537,532.2,2,68.3,common_pattern
CLM-0345,1478.15,4,66.69,common_pattern
CLM-0995,15152.91,15,0.17,injected_unusual_pattern
CLM-0482,675.73,5,55.02,common_pattern
CLM-0576,2279.27,3,23.12,common_pattern
CLM-0034,442.05,4,156.37,common_pattern
CLM-0032,723.01,4,24.51,common_pattern
CLM-0232,358.8,3,10.25,common_pattern
CLM-0964,927.75,5,118.22,common_pattern
CLM-0193,526.63,6,12.42,common_pattern
CLM-0334,897.35,5,11.02,common_pattern
CLM-0004,1265.51,3,42.35,common_pattern
CLM-0205,1989.98,3,22.94,common_pattern
CLM-0515,787.67,6,16.29,common_pattern
CLM-0800,640.02,2,21.55,common_pattern
CLM-0307,1927.68,5,142.41,common_pattern
CLM-0110,893.9,3,143.85,common_pattern
CLM-0431,2709.84,7,30.3,common_pattern
CLM-0078,1477.72,3,94.57,common_pattern
CLM-0085,492.24,4,83.12,common_pattern
CLM-0287,1394.03,4,130.77,common_pattern
CLM-0083,403.09,5,29.48,common_pattern
CLM-0992,11267.28,22,1.41,injected_unusual_pattern
CLM-0790,844.56,4,19.96,common_pattern
CLM-0895,445.66,4,24.79,common_pattern
CLM-0399,881.47,3,11.76,common_pattern
CLM-0324,910.2,2,46.53,common_pattern
CLM-0520,205.68,6,27.02,common_pattern
CLM-0917,267.46,2,12.08,common_pattern
CLM-0923,1555.84,5,24.0,common_pattern
CLM-0006,492.33,5,1.25,common_pattern
CLM-0732,397.83,2,39.85,common_pattern
CLM-0466,2266.97,3,91.47,common_pattern
CLM-0098,1051.87,5,124.13,common_pattern
CLM-0267,916.46,2,27.63,common_pattern
CLM-0358,1126.64,8,23.6,common_pattern
CLM-0869,1196.89,3,0.47,common_pattern
CLM-0799,2108.06,5,20.83,common_pattern
CLM-0381,323.61,4,62.62,common_pattern
CLM-0632,1145.17,3,35.17,common_pattern
CLM-0382,633.86,3,84.17,common_pattern
CLM-0491,425.15,2,28.53,common_pattern
CLM-0119,443.58,1,77.33,common_pattern
CLM-0901,475.75,3,16.4,common_pattern
CLM-0251,2590.26,7,24.05,common_pattern
CLM-0524,629.04,9,31.34,common_pattern
CLM-0010,1179.52,3,60.92,common_pattern
CLM-0197,243.98,4,11.54,common_pattern
CLM-0604,174.03,7,34.98,common_pattern
CLM-0082,3019.67,7,254.94,common_pattern
CLM-0784,863.82,3,17.11,common_pattern
CLM-0588,1512.49,4,93.57,common_pattern
CLM-0798,1099.39,5,83.63,common_pattern
CLM-0240,1930.67,6,1.81,common_pattern
CLM-0291,1392.52,2,0.42,common_pattern
CLM-0212,2853.76,7,16.78,common_pattern
CLM-0718,272.23,2,46.3,common_pattern
CLM-0360,735.38,5,9.07,common_pattern
CLM-0450,496.47,8,133.74,common_pattern
CLM-0228,254.27,5,33.57,common_pattern
CLM-0951,3445.32,4,14.21,common_pattern
CLM-0947,858.74,2,3.89,common_pattern
CLM-0797,1445.61,5,154.29,common_pattern
CLM-0502,456.09,5,62.24,common_pattern
CLM-0465,1355.59,3,2.3,common_pattern
CLM-0363,121.34,3,21.49,common_pattern
CLM-0469,510.41,8,239.4,common_pattern
CLM-0936,357.66,2,47.59,common_pattern
CLM-0429,812.75,4,24.74,common_pattern
CLM-0008,1505.49,2,8.51,common_pattern
CLM-0156,1389.91,5,19.71,common_pattern
CLM-0542,1115.6,5,11.94,common_pattern
CLM-0441,1164.91,3,10.52,common_pattern
CLM-0483,625.11,2,9.24,common_pattern
CLM-0423,2656.08,3,6.4,common_pattern
CLM-0779,1147.54,4,74.61,common_pattern
CLM-0950,696.35,5,5.21,common_pattern
CLM-0335,1036.55,10,65.8,common_pattern
CLM-0577,312.11,4,83.09,common_pattern
CLM-0935,408.39,5,152.1,common_pattern
CLM-0568,762.11,6,26.6,common_pattern
CLM-0595,625.87,3,66.69,common_pattern
CLM-0531,742.99,1,31.69,common_pattern
CLM-0582,2105.72,4,17.62,common_pattern
CLM-0708,1290.01,3,60.92,common_pattern
CLM-0449,7199.07,2,93.44,common_pattern
CLM-0454,374.78,5,52.83,common_pattern
CLM-0229,3946.62,3,124.47,common_pattern
CLM-0353,1173.16,2,55.8,common_pattern
CLM-0729,202.84,3,13.09,common_pattern
CLM-0213,1357.1,3,5.34,common_pattern
CLM-0080,943.18,7,89.43,common_pattern
CLM-0149,985.12,2,5.12,common_pattern
CLM-0303,808.74,1,12.83,common_pattern
CLM-0629,883.16,9,27.67,common_pattern
CLM-0778,1568.02,5,3.7,common_pattern
CLM-0507,560.95,3,85.56,common_pattern
CLM-0343,2852.47,2,92.75,common_pattern
CLM-0486,692.75,8,41.66,common_pattern
CLM-0712,1069.41,3,64.96,common_pattern
CLM-0134,343.46,6,21.62,common_pattern
CLM-0704,250.84,6,8.93,common_pattern
CLM-0312,1570.26,3,48.87,common_pattern
CLM-0723,2027.17,4,42.86,common_pattern
CLM-0630,368.89,1,37.35,common_pattern
CLM-0001,1124.92,2,12.06,common_pattern
CLM-0317,2352.61,6,129.6,common_pattern
CLM-0707,2510.73,2,28.01,common_pattern
CLM-0548,647.65,4,24.77,common_pattern
CLM-0873,1363.52,3,18.22,common_pattern
CLM-0533,221.5,2,23.04,common_pattern
CLM-0478,125.92,4,39.93,common_pattern
CLM-0405,358.87,3,30.7,common_pattern
CLM-0173,772.46,4,3.63,common_pattern
CLM-0126,1184.8,4,50.86,common_pattern
CLM-0395,831.83,3,144.97,common_pattern
CLM-0421,382.0,5,36.29,common_pattern
CLM-0553,1541.42,8,45.89,common_pattern
CLM-0904,1831.28,2,3.58,common_pattern
CLM-0091,624.09,3,26.87,common_pattern
CLM-0940,688.81,3,11.67,common_pattern
CLM-0182,905.21,4,50.8,common_pattern
CLM-0275,898.45,3,124.05,common_pattern
CLM-0896,1310.13,1,77.78,common_pattern
CLM-0070,2281.6,7,12.5,common_pattern
CLM-0292,1036.29,3,36.69,common_pattern
CLM-0132,563.72,4,29.72,common_pattern
CLM-0301,618.34,7,10.67,common_pattern
CLM-0425,748.97,2,34.9,common_pattern
CLM-0327,901.44,2,63.02,common_pattern
CLM-0145,1374.32,4,106.63,common_pattern
CLM-0424,367.35,3,24.09,common_pattern
CLM-0581,601.16,8,29.84,common_pattern
CLM-0136,1026.88,3,126.16,common_pattern
CLM-0451,1919.43,6,80.88,common_pattern
CLM-0165,2515.12,7,111.28,common_pattern
CLM-0029,799.35,5,17.48,common_pattern
CLM-0774,438.05,4,160.76,common_pattern
CLM-0194,1834.29,4,23.65,common_pattern
CLM-0389,817.06,3,1.26,common_pattern
CLM-0853,1303.74,4,37.98,common_pattern
CLM-0170,1431.86,4,47.57,common_pattern
CLM-0706,973.09,1,24.82,common_pattern
CLM-0141,759.8,3,0.51,common_pattern
CLM-0174,634.42,5,18.0,common_pattern
CLM-0007,1146.98,3,12.73,common_pattern
CLM-0746,1311.68,4,16.53,common_pattern
CLM-0479,607.9,6,110.67,common_pattern
CLM-0074,693.82,2,24.52,common_pattern
CLM-0911,2019.09,4,3.53,common_pattern
CLM-0814,2037.8,2,91.44,common_pattern
CLM-0239,771.87,3,26.18,common_pattern
CLM-0146,429.22,6,29.63,common_pattern
CLM-0793,877.61,2,21.15,common_pattern
CLM-0235,864.75,3,8.7,common_pattern
CLM-0221,346.92,6,36.25,common_pattern
CLM-0924,828.86,4,57.66,common_pattern
CLM-0501,739.82,7,61.1,common_pattern
CLM-0133,432.17,2,9.68,common_pattern
CLM-0991,19895.72,35,2.39,injected_unusual_pattern
CLM-0775,1125.45,4,28.87,common_pattern
CLM-0186,907.37,3,108.27,common_pattern
CLM-0042,2648.21,4,30.96,common_pattern
CLM-0697,950.43,3,15.26,common_pattern
CLM-0109,3295.86,2,76.62,common_pattern
CLM-0589,2167.84,2,6.09,common_pattern
CLM-0057,1128.97,2,17.88,common_pattern
CLM-0406,648.59,4,19.49,common_pattern
CLM-0443,980.32,3,29.95,common_pattern
CLM-0758,666.24,6,108.12,common_pattern
CLM-0998,9281.96,21,1.87,injected_unusual_pattern
CLM-0025,347.38,4,70.76,common_pattern
CLM-0468,732.67,4,40.37,common_pattern
CLM-0540,1271.49,8,37.14,common_pattern
CLM-0532,666.96,5,59.68,common_pattern
CLM-0619,316.82,4,1.03,common_pattern
CLM-0695,451.45,5,36.99,common_pattern
CLM-0927,989.85,3,24.07,common_pattern
CLM-0339,624.46,3,18.07,common_pattern
CLM-0052,1290.16,6,17.93,common_pattern
CLM-0508,729.09,4,8.85,common_pattern
CLM-0517,336.35,6,38.78,common_pattern
CLM-0921,1009.72,4,7.58,common_pattern
CLM-0782,1526.67,5,7.6,common_pattern
CLM-0265,931.51,4,28.76,common_pattern
CLM-0818,1152.21,8,5.97,common_pattern
CLM-0711,372.99,6,37.27,common_pattern
CLM-0683,956.21,6,97.28,common_pattern
CLM-0833,1114.62,3,6.71,common_pattern
CLM-0519,963.67,1,30.77,common_pattern
CLM-0448,827.93,7,26.16,common_pattern
CLM-0019,118.48,6,2.08,common_pattern
CLM-0716,644.43,6,20.67,common_pattern
CLM-0484,872.0,4,12.88,common_pattern
CLM-0569,698.04,3,16.09,common_pattern
CLM-0434,367.3,2,11.2,common_pattern
CLM-0368,1217.93,4,22.92,common_pattern
CLM-0084,702.32,2,181.91,common_pattern
CLM-0062,1001.21,3,22.22,common_pattern
CLM-0639,3101.52,2,31.24,common_pattern
CLM-0273,2972.6,4,28.82,common_pattern
CLM-0286,773.27,6,38.44,common_pattern
CLM-0361,2452.86,6,53.53,common_pattern
CLM-0355,481.98,4,40.89,common_pattern
CLM-0457,736.87,4,10.52,common_pattern
CLM-0279,2824.73,5,35.18,common_pattern
CLM-0013,678.27,3,43.29,common_pattern
CLM-0183,1832.54,5,32.12,common_pattern
CLM-0369,1462.47,6,88.87,common_pattern
CLM-0882,1718.59,2,190.17,common_pattern
CLM-0616,949.39,4,0.45,common_pattern
CLM-0224,729.25,5,74.3,common_pattern
CLM-0573,435.32,3,16.51,common_pattern
CLM-0971,937.19,3,27.03,common_pattern
CLM-0654,427.01,4,121.58,common_pattern
CLM-0546,777.59,4,54.43,common_pattern
CLM-0583,1042.13,3,65.08,common_pattern
CLM-0634,500.23,2,4.73,common_pattern
CLM-0177,2220.25,5,30.03,common_pattern
CLM-0666,548.68,3,49.41,common_pattern
CLM-0674,1925.5,2,77.9,common_pattern
CLM-0586,367.98,2,57.12,common_pattern
CLM-0874,291.07,7,11.78,common_pattern
CLM-0394,1349.38,2,10.61,common_pattern
CLM-0164,644.65,6,28.06,common_pattern
CLM-0249,797.77,4,24.54,common_pattern
CLM-0635,720.58,5,16.17,common_pattern
CLM-0886,1697.0,4,18.33,common_pattern
CLM-0670,1765.54,7,11.79,common_pattern
CLM-0376,1990.33,5,27.41,common_pattern
CLM-0413,1161.39,3,25.6,common_pattern
CLM-0075,2977.17,4,25.42,common_pattern
CLM-0114,1791.57,3,48.57,common_pattern
CLM-0599,1246.59,4,9.91,common_pattern
CLM-0962,823.51,5,67.07,common_pattern
CLM-0391,910.52,5,138.61,common_pattern
CLM-0105,452.05,4,81.97,common_pattern
CLM-0115,518.06,3,6.51,common_pattern
CLM-0418,306.39,2,1.58,common_pattern
CLM-0526,275.36,4,19.46,common_pattern
CLM-0458,1830.29,5,53.39,common_pattern
CLM-0410,736.98,7,19.71,common_pattern
CLM-0093,395.64,2,2.81,common_pattern
CLM-0931,138.9,6,88.82,common_pattern
CLM-0090,642.78,3,17.8,common_pattern
CLM-0337,1074.01,3,6.2,common_pattern
CLM-0989,12684.76,24,1.52,injected_unusual_pattern
CLM-0922,1916.49,3,1.41,common_pattern
CLM-0934,915.89,2,86.65,common_pattern
CLM-0606,729.89,3,30.43,common_pattern
CLM-0594,707.74,9,49.78,common_pattern
CLM-0612,1026.39,4,133.4,common_pattern
CLM-0095,712.59,5,32.13,common_pattern
CLM-0012,531.15,3,35.42,common_pattern
CLM-0397,2042.57,4,34.45,common_pattern
CLM-0534,1402.76,6,128.21,common_pattern
CLM-0044,1401.61,4,49.59,common_pattern
CLM-0043,617.8,8,0.52,common_pattern
CLM-0330,1677.35,4,113.01,common_pattern
CLM-0168,662.52,2,45.42,common_pattern
CLM-0498,1093.7,3,9.71,common_pattern
CLM-0877,13369.1,2,62.97,common_pattern
CLM-0598,1210.66,2,63.94,common_pattern
CLM-0757,495.22,7,12.7,common_pattern
CLM-0101,3661.03,3,12.25,common_pattern
CLM-0427,1173.42,4,42.99,common_pattern
CLM-0179,841.58,3,76.23,common_pattern
CLM-0445,682.47,3,10.2,common_pattern
CLM-0417,548.42,4,38.45,common_pattern
CLM-0871,2812.01,5,19.08,common_pattern
CLM-0883,439.93,5,82.86,common_pattern
CLM-0681,509.51,4,27.37,common_pattern
CLM-0178,702.5,3,9.15,common_pattern
CLM-0396,1500.95,3,53.08,common_pattern
CLM-0912,1800.06,3,54.36,common_pattern
CLM-0794,2980.53,4,5.56,common_pattern
CLM-0961,2246.81,2,15.65,common_pattern
CLM-0685,654.29,5,45.3,common_pattern
CLM-0384,1040.54,2,51.59,common_pattern
CLM-0957,736.47,4,45.0,common_pattern
CLM-0752,282.41,6,3.99,common_pattern
CLM-0258,573.91,4,0.01,common_pattern
CLM-0539,1903.38,5,44.32,common_pattern
CLM-0336,1851.56,3,41.17,common_pattern
CLM-0016,433.53,3,56.95,common_pattern
CLM-0325,401.62,3,4.73,common_pattern
CLM-0759,2704.81,4,10.32,common_pattern
CLM-0223,289.08,2,146.98,common_pattern
CLM-0180,986.08,4,81.35,common_pattern
CLM-0984,12843.17,26,1.7,injected_unusual_pattern
CLM-0023,476.54,2,49.67,common_pattern
CLM-0357,1800.51,2,49.74,common_pattern
CLM-0667,2382.55,3,59.2,common_pattern
CLM-0862,748.36,4,10.34,common_pattern
CLM-0341,1868.84,3,36.02,common_pattern
CLM-0432,637.36,5,55.62,common_pattern
CLM-0552,825.06,7,35.86,common_pattern
CLM-0834,1278.32,5,39.74,common_pattern
CLM-0204,828.78,2,159.23,common_pattern
CLM-0631,960.37,3,14.92,common_pattern
CLM-0094,760.69,2,99.03,common_pattern
CLM-0559,1612.16,2,34.0,common_pattern
CLM-0069,1246.07,5,59.54,common_pattern
CLM-0623,309.34,6,51.63,common_pattern
CLM-0285,3380.59,4,93.58,common_pattern
CLM-0845,671.34,2,19.81,common_pattern
CLM-0435,962.38,1,18.66,common_pattern
CLM-0154,1437.53,5,28.57,common_pattern
CLM-0076,727.04,4,0.17,common_pattern
CLM-0731,2212.91,3,132.0,common_pattern
CLM-0447,1649.63,4,5.44,common_pattern
CLM-0189,1602.99,3,2.77,common_pattern
CLM-0272,469.31,4,210.01,common_pattern
CLM-0237,944.22,5,102.96,common_pattern
CLM-0488,684.08,5,45.59,common_pattern
CLM-0118,659.65,4,64.76,common_pattern
CLM-0944,925.27,1,36.11,common_pattern
CLM-0513,1102.61,3,66.33,common_pattern
CLM-0826,524.65,5,81.95,common_pattern
CLM-0592,400.78,5,21.16,common_pattern
CLM-0127,568.18,3,18.51,common_pattern
CLM-0117,614.34,7,49.46,common_pattern
CLM-0474,1288.14,3,21.64,common_pattern
CLM-0694,306.33,8,11.75,common_pattern
CLM-0058,1366.19,2,122.96,common_pattern
CLM-0864,1300.62,2,49.51,common_pattern
CLM-0913,456.54,7,4.18,common_pattern
CLM-0370,683.33,4,17.47,common_pattern
CLM-0269,824.25,2,29.14,common_pattern
CLM-0047,945.61,5,34.91,common_pattern
CLM-0350,6449.71,6,148.82,common_pattern
CLM-0196,808.41,4,21.15,common_pattern
CLM-1000,18291.75,15,0.06,injected_unusual_pattern
CLM-0835,1452.16,4,22.17,common_pattern
CLM-0737,621.79,4,75.23,common_pattern
CLM-0264,1965.27,2,56.06,common_pattern
CLM-0444,411.72,2,5.09,common_pattern
CLM-0676,1696.94,4,47.45,common_pattern
CLM-0305,803.18,3,23.11,common_pattern
CLM-0342,2092.25,4,9.28,common_pattern
CLM-0967,1654.38,3,14.32,common_pattern
CLM-0150,577.25,6,47.61,common_pattern
CLM-0125,1504.03,2,25.45,common_pattern
CLM-0787,888.13,3,90.51,common_pattern
CLM-0051,379.23,6,166.59,common_pattern
CLM-0354,643.1,1,44.26,common_pattern
CLM-0928,1185.86,3,25.82,common_pattern
CLM-0143,1415.4,2,4.44,common_pattern
CLM-0471,741.94,5,28.94,common_pattern
CLM-0400,523.42,4,49.95,common_pattern
CLM-0626,785.88,5,22.89,common_pattern
CLM-0321,4925.03,4,7.51,common_pattern
CLM-0020,826.12,4,22.54,common_pattern
CLM-0810,1503.33,3,29.43,common_pattern
CLM-0791,528.04,5,48.36,common_pattern
CLM-0809,688.63,2,17.37,common_pattern
CLM-0408,501.5,8,40.11,common_pattern
CLM-0538,699.05,4,66.59,common_pattern
CLM-0621,923.29,2,43.69,common_pattern
CLM-0039,266.71,5,102.46,common_pattern
CLM-0176,579.37,2,19.95,common_pattern
CLM-0246,959.81,6,54.2,common_pattern
CLM-0829,1734.65,2,44.81,common_pattern
CLM-0668,515.72,3,130.01,common_pattern
CLM-0755,238.04,5,20.37,common_pattern
CLM-0859,1205.81,4,44.81,common_pattern
CLM-0155,138.63,5,7.74,common_pattern
CLM-0288,950.65,3,10.27,common_pattern
CLM-0603,827.17,3,1.21,common_pattern
CLM-0570,827.6,10,9.39,common_pattern
CLM-0744,599.18,4,49.26,common_pattern
CLM-0018,230.06,4,30.33,common_pattern
CLM-0128,668.03,2,26.65,common_pattern
CLM-0323,2283.69,3,107.24,common_pattern
CLM-0256,586.97,4,12.85,common_pattern
CLM-0658,586.47,6,19.56,common_pattern
CLM-0965,990.24,4,91.19,common_pattern
CLM-0191,900.05,3,34.62,common_pattern
CLM-0116,2150.2,2,20.82,common_pattern
CLM-0617,586.7,4,11.22,common_pattern
CLM-0607,4214.23,5,7.87,common_pattern
CLM-0181,3805.44,2,3.16,common_pattern
CLM-0302,2472.2,3,2.02,common_pattern
CLM-0760,756.68,5,47.63,common_pattern
CLM-0713,1235.78,4,110.55,common_pattern
CLM-0724,1251.81,5,25.76,common_pattern
CLM-0686,491.64,7,4.81,common_pattern
CLM-0980,1869.97,5,117.41,common_pattern
CLM-0518,521.02,9,77.73,common_pattern
CLM-0985,11334.88,29,1.78,injected_unusual_pattern
CLM-0046,483.81,4,33.02,common_pattern
CLM-0910,381.83,4,38.29,common_pattern
CLM-0158,639.81,2,21.06,common_pattern
CLM-0852,718.3,5,84.04,common_pattern
CLM-0172,756.57,3,119.98,common_pattern
CLM-0017,431.85,6,160.65,common_pattern
CLM-0512,3682.25,11,19.89,common_pattern
CLM-0049,970.2,4,24.11,common_pattern
CLM-0972,262.91,5,22.6,common_pattern
CLM-0941,598.7,4,20.58,common_pattern
CLM-0516,1218.23,4,141.35,common_pattern
CLM-0953,685.44,5,47.51,common_pattern
CLM-0481,1967.49,5,70.91,common_pattern
CLM-0284,2618.16,5,57.6,common_pattern
CLM-0719,1118.93,3,13.38,common_pattern
CLM-0878,1956.56,5,39.65,common_pattern
CLM-0226,1238.96,3,102.98,common_pattern
CLM-0027,413.24,4,20.05,common_pattern
CLM-0955,738.95,6,47.43,common_pattern
CLM-0438,498.57,1,3.37,common_pattern
CLM-0952,374.52,6,16.96,common_pattern
CLM-0365,1013.72,4,142.33,common_pattern
CLM-0230,773.48,1,79.67,common_pattern
CLM-0038,722.53,4,5.29,common_pattern
CLM-0966,518.85,5,28.94,common_pattern
CLM-0375,560.7,4,13.91,common_pattern
CLM-0470,1115.31,6,9.66,common_pattern
CLM-0968,1029.36,2,15.03,common_pattern
CLM-0851,417.99,3,2.16,common_pattern
CLM-0705,522.17,5,27.1,common_pattern
CLM-0842,590.0,6,179.57,common_pattern
CLM-0195,943.66,4,6.91,common_pattern
CLM-0855,966.14,5,120.09,common_pattern
CLM-0865,689.1,2,44.4,common_pattern
CLM-0504,2817.44,4,30.19,common_pattern
CLM-0970,393.92,4,87.08,common_pattern
CLM-0831,1984.64,4,83.88,common_pattern
CLM-0580,413.02,5,81.19,common_pattern
CLM-0969,874.14,2,127.99,common_pattern
CLM-0163,712.47,3,11.66,common_pattern
CLM-0909,847.93,3,25.69,common_pattern
CLM-0153,437.32,5,16.91,common_pattern
CLM-0802,843.86,4,92.29,common_pattern
CLM-0994,10151.77,31,0.89,injected_unusual_pattern
CLM-0756,440.41,4,37.29,common_pattern
CLM-0112,1262.27,5,19.72,common_pattern
CLM-0227,3265.22,4,18.96,common_pattern
CLM-0689,1814.14,3,1.78,common_pattern
CLM-0104,496.71,2,34.15,common_pattern
CLM-0422,717.93,1,127.16,common_pattern
CLM-0420,685.85,6,8.5,common_pattern
CLM-0751,328.82,8,8.33,common_pattern
CLM-0587,1879.2,5,239.19,common_pattern
CLM-0781,648.72,3,19.43,common_pattern
CLM-0673,487.74,7,22.94,common_pattern
CLM-0120,493.55,6,21.84,common_pattern
CLM-0054,1129.51,2,46.13,common_pattern
CLM-0152,3412.14,3,24.57,common_pattern
CLM-0404,1261.77,2,66.57,common_pattern
CLM-0946,1011.79,3,9.93,common_pattern
CLM-0208,1449.61,2,70.0,common_pattern
CLM-0659,490.39,7,38.33,common_pattern
CLM-0844,1897.73,4,223.09,common_pattern
CLM-0763,771.35,4,47.67,common_pattern
CLM-0009,1906.9,5,58.32,common_pattern
CLM-0808,894.15,4,6.39,common_pattern
CLM-0037,1372.52,1,122.65,common_pattern
CLM-0453,768.04,5,76.12,common_pattern
CLM-0652,344.71,3,4.3,common_pattern
CLM-0254,770.77,3,19.92,common_pattern
CLM-0304,917.8,3,88.24,common_pattern
CLM-0747,495.15,4,3.06,common_pattern
CLM-0572,803.23,4,28.72,common_pattern
CLM-0624,476.05,4,58.96,common_pattern
CLM-0733,1597.18,2,1.37,common_pattern
CLM-0892,601.31,3,66.81,common_pattern
CLM-0263,1767.5,6,14.96,common_pattern
CLM-0611,2842.73,6,3.8,common_pattern
CLM-0298,1181.06,4,24.21,common_pattern
CLM-0415,768.7,2,34.35,common_pattern
CLM-0151,1949.75,2,9.95,common_pattern
CLM-0789,1232.92,3,57.94,common_pattern
CLM-0641,1816.5,3,182.26,common_pattern
CLM-0890,432.97,4,40.25,common_pattern
CLM-0551,1910.05,5,9.0,common_pattern
CLM-0887,867.03,4,44.03,common_pattern
CLM-0489,680.89,2,27.76,common_pattern
CLM-0148,1028.42,5,95.67,common_pattern
CLM-0147,1131.09,2,0.78,common_pattern
CLM-0721,1900.18,5,23.53,common_pattern
CLM-0932,453.8,6,7.89,common_pattern
CLM-0740,537.07,9,16.54,common_pattern
CLM-0660,383.12,7,10.5,common_pattern
CLM-0349,864.15,2,9.71,common_pattern
CLM-0464,932.07,3,3.97,common_pattern
CLM-0326,832.47,6,36.35,common_pattern
CLM-0187,544.14,5,41.42,common_pattern
CLM-0124,646.91,4,0.5,common_pattern
CLM-0854,1017.4,4,20.81,common_pattern
CLM-0609,401.04,2,28.07,common_pattern
CLM-0144,972.08,3,27.36,common_pattern
CLM-0959,1528.29,5,173.18,common_pattern
CLM-0198,705.95,5,9.19,common_pattern
CLM-0610,1036.18,2,1.78,common_pattern
CLM-0280,333.08,3,55.84,common_pattern
CLM-0294,665.86,5,5.12,common_pattern
CLM-0401,515.42,3,25.7,common_pattern
CLM-0123,773.35,4,3.44,common_pattern
CLM-0184,610.07,7,25.75,common_pattern
CLM-0203,410.13,2,36.59,common_pattern
CLM-0439,1809.08,3,41.43,common_pattern
CLM-0247,941.48,3,13.83,common_pattern
CLM-0416,1219.73,6,53.08,common_pattern
CLM-0933,1234.38,4,35.17,common_pattern
CLM-0766,974.65,4,7.3,common_pattern
CLM-0907,939.92,6,53.71,common_pattern
CLM-0836,555.77,5,36.15,common_pattern
CLM-0888,960.98,7,53.59,common_pattern
CLM-0130,2364.37,8,1.99,common_pattern
CLM-0638,746.69,2,77.73,common_pattern
CLM-0403,1063.68,6,35.85,common_pattern
CLM-0785,834.13,2,76.75,common_pattern
CLM-0771,537.95,4,156.91,common_pattern
CLM-0736,246.04,6,14.24,common_pattern
CLM-0914,740.2,7,5.51,common_pattern
CLM-0220,541.2,3,11.8,common_pattern
CLM-0642,424.9,8,7.11,common_pattern
CLM-0916,424.39,4,40.9,common_pattern
CLM-0753,435.71,3,30.27,common_pattern
CLM-0807,2075.15,3,83.96,common_pattern
CLM-0920,352.69,5,24.05,common_pattern
CLM-0625,1961.6,4,27.36,common_pattern
CLM-0875,537.67,2,7.73,common_pattern
CLM-0761,807.12,2,117.26,common_pattern
CLM-0387,2405.49,4,0.58,common_pattern
CLM-0973,616.66,3,21.66,common_pattern
CLM-0510,389.81,5,107.12,common_pattern
CLM-0268,1348.05,3,72.6,common_pattern
CLM-0820,2140.77,4,114.13,common_pattern
CLM-0442,317.26,3,104.52,common_pattern
CLM-0497,1695.86,3,51.82,common_pattern
CLM-0113,614.04,6,60.88,common_pattern
CLM-0692,1215.38,4,2.71,common_pattern
CLM-0233,1720.48,6,2.52,common_pattern
CLM-0870,308.09,3,10.19,common_pattern
CLM-0608,279.2,5,19.74,common_pattern
CLM-0672,368.33,5,39.78,common_pattern
CLM-0374,590.71,4,26.07,common_pattern
CLM-0982,6416.41,17,2.27,injected_unusual_pattern
CLM-0843,382.4,4,24.89,common_pattern
CLM-0234,924.59,6,7.51,common_pattern
CLM-0786,2532.11,4,58.71,common_pattern
CLM-0677,680.42,2,11.96,common_pattern
CLM-0318,494.44,4,5.7,common_pattern
CLM-0649,1267.04,4,180.55,common_pattern
CLM-0411,562.38,4,19.93,common_pattern
CLM-0899,742.17,4,18.66,common_pattern
CLM-0710,2432.01,3,30.55,common_pattern
CLM-0359,697.64,3,36.56,common_pattern
CLM-0259,194.66,4,52.13,common_pattern
CLM-0745,2255.56,5,2.57,common_pattern
CLM-0628,508.11,7,19.87,common_pattern
CLM-0633,1108.53,6,11.65,common_pattern
CLM-0283,1268.18,7,21.98,common_pattern
CLM-0377,668.6,4,68.35,common_pattern
CLM-0385,1910.44,4,17.36,common_pattern
CLM-0225,646.4,3,85.81,common_pattern
CLM-0954,959.36,5,37.14,common_pattern
CLM-0815,1149.63,1,17.72,common_pattern
CLM-0473,846.72,7,63.53,common_pattern
CLM-0348,447.41,2,24.78,common_pattern
CLM-0506,493.44,3,49.71,common_pattern
CLM-0640,485.05,5,1.78,common_pattern
CLM-0988,11267.31,33,2.87,injected_unusual_pattern
CLM-0929,3168.02,5,11.36,common_pattern
CLM-0906,679.97,3,21.49,common_pattern
CLM-0620,1605.01,1,44.82,common_pattern
CLM-0856,1032.77,7,1.25,common_pattern
CLM-0804,506.24,4,36.76,common_pattern
CLM-0646,407.91,2,35.89,common_pattern
CLM-0847,605.35,4,32.66,common_pattern
CLM-0557,1500.1,4,9.27,common_pattern
CLM-0958,772.74,6,5.9,common_pattern
CLM-0578,3097.96,5,55.0,common_pattern
CLM-0796,611.14,3,97.48,common_pattern
CLM-0086,459.45,5,7.26,common_pattern
CLM-0243,2538.22,2,69.74,common_pattern
CLM-0699,1131.46,2,47.28,common_pattern
CLM-0160,782.31,8,94.74,common_pattern
CLM-0525,471.1,3,22.83,common_pattern
CLM-0036,339.7,3,106.58,common_pattern
CLM-0541,1876.04,6,9.83,common_pattern
CLM-0171,495.49,3,22.24,common_pattern
CLM-0655,855.52,6,68.88,common_pattern
CLM-0891,581.97,3,3.93,common_pattern
CLM-0858,875.84,6,28.57,common_pattern
CLM-0848,2063.76,6,0.06,common_pattern
CLM-0945,1026.25,8,41.44,common_pattern
CLM-0734,1424.52,6,3.77,common_pattern
CLM-0096,549.95,4,3.68,common_pattern
CLM-0564,2706.42,4,35.46,common_pattern
CLM-0241,1879.53,5,69.97,common_pattern
CLM-0743,768.55,8,30.63,common_pattern
CLM-0575,1281.51,6,55.49,common_pattern
CLM-0691,728.08,5,17.41,common_pattern
CLM-0461,1534.19,5,6.7,common_pattern
CLM-0554,297.15,3,8.96,common_pattern
CLM-0889,891.03,4,12.94,common_pattern
CLM-0207,1685.45,6,156.33,common_pattern
CLM-0393,1535.57,6,2.33,common_pattern
CLM-0795,1502.5,3,3.49,common_pattern
CLM-0398,1594.79,5,96.83,common_pattern
CLM-0767,5434.91,6,36.24,common_pattern
CLM-0849,1567.06,3,38.78,common_pattern
CLM-0218,1167.14,2,60.11,common_pattern
CLM-0005,1212.53,2,14.68,common_pattern
CLM-0769,445.53,2,22.13,common_pattern
CLM-0643,1377.47,5,20.34,common_pattern
CLM-0930,526.51,6,25.63,common_pattern
CLM-0613,1420.53,4,1.07,common_pattern
CLM-0739,513.51,2,66.91,common_pattern
CLM-0547,1993.76,6,154.33,common_pattern
CLM-0726,1501.74,3,103.4,common_pattern
CLM-0684,1215.75,8,43.81,common_pattern
CLM-0099,626.77,6,13.42,common_pattern
CLM-0805,1308.63,6,13.0,common_pattern
CLM-0728,1223.09,6,11.1,common_pattern
CLM-0574,1752.24,2,116.34,common_pattern
CLM-0407,1054.19,4,4.7,common_pattern
CLM-0503,332.04,1,81.68,common_pattern
CLM-0048,1289.68,5,9.01,common_pattern
CLM-0033,921.43,4,64.85,common_pattern
CLM-0780,1006.78,2,54.3,common_pattern
CLM-0840,734.2,7,86.72,common_pattern
CLM-0201,1301.83,3,147.83,common_pattern
CLM-0135,1098.77,3,274.18,common_pattern
CLM-0028,777.3,3,8.89,common_pattern
CLM-0881,518.8,6,0.92,common_pattern
CLM-0231,1128.3,5,91.46,common_pattern
CLM-0490,466.75,5,9.56,common_pattern
CLM-0773,368.16,2,69.61,common_pattern
CLM-0379,706.17,5,17.46,common_pattern
CLM-0289,596.76,6,132.84,common_pattern
CLM-0419,331.5,6,14.03,common_pattern
CLM-0675,533.47,4,22.76,common_pattern
CLM-0392,1316.88,4,2.89,common_pattern
CLM-0593,1217.51,3,0.77,common_pattern
CLM-0499,1361.71,9,0.51,common_pattern
CLM-0139,4274.92,3,21.86,common_pattern
CLM-0063,1649.52,4,4.87,common_pattern
CLM-0472,753.16,2,35.38,common_pattern
CLM-0648,603.39,7,22.37,common_pattern
CLM-0129,772.7,1,30.25,common_pattern
CLM-0977,1305.23,6,58.48,common_pattern
CLM-0521,739.34,3,49.61,common_pattern
CLM-0839,787.02,5,76.59,common_pattern
CLM-0963,871.5,8,104.36,common_pattern
CLM-0065,377.84,3,31.65,common_pattern
CLM-0813,1819.36,1,2.4,common_pattern
CLM-0015,831.26,3,182.25,common_pattern
CLM-0157,266.88,5,34.72,common_pattern
CLM-0041,399.68,6,17.73,common_pattern
CLM-0493,1098.48,6,46.38,common_pattern
CLM-0380,862.78,3,1.79,common_pattern
CLM-0188,788.38,4,5.54,common_pattern
CLM-0764,1167.35,4,11.37,common_pattern
CLM-0217,1001.71,3,18.88,common_pattern
CLM-0792,1150.64,3,120.63,common_pattern
CLM-0053,656.15,6,22.38,common_pattern
CLM-0879,1765.89,3,9.05,common_pattern
CLM-0338,361.64,8,37.02,common_pattern
CLM-0749,1910.66,6,27.15,common_pattern
CLM-0720,688.51,8,49.9,common_pattern
CLM-0725,828.42,4,6.11,common_pattern
CLM-0296,520.51,5,69.57,common_pattern
CLM-0702,427.62,5,35.27,common_pattern
CLM-0252,2523.37,2,17.12,common_pattern
CLM-0727,1507.99,3,28.59,common_pattern
CLM-0462,343.2,5,24.7,common_pattern
CLM-0456,933.35,5,46.29,common_pattern
CLM-0997,13326.06,35,2.92,injected_unusual_pattern
CLM-0816,656.01,2,52.18,common_pattern
CLM-0863,1027.34,2,10.7,common_pattern
CLM-0270,800.19,2,14.45,common_pattern
CLM-0202,1871.39,4,11.96,common_pattern
CLM-0162,269.12,7,122.68,common_pattern
CLM-0556,204.02,3,75.15,common_pattern
CLM-0730,475.2,4,26.69,common_pattern
CLM-0402,578.02,2,11.47,common_pattern
CLM-0703,1723.91,7,68.47,common_pattern
CLM-0477,1191.56,4,98.1,common_pattern
CLM-0822,503.94,4,32.5,common_pattern
CLM-0772,1202.86,3,11.12,common_pattern
CLM-0106,1789.12,5,120.65,common_pattern
CLM-0566,1116.06,5,123.22,common_pattern
CLM-0390,600.28,4,15.14,common_pattern
CLM-0002,1317.64,2,32.98,common_pattern
CLM-0938,400.39,4,2.69,common_pattern
CLM-0983,12720.23,39,0.6,injected_unusual_pattern
CLM-0562,831.9,5,20.71,common_pattern
CLM-0081,938.36,5,26.0,common_pattern
CLM-0206,505.41,5,178.85,common_pattern
CLM-0035,375.58,5,25.58,common_pattern
CLM-0776,1721.38,4,4.73,common_pattern
CLM-0509,1994.53,3,68.6,common_pattern
CLM-0428,708.66,3,20.17,common_pattern
CLM-0455,1063.82,4,62.84,common_pattern
CLM-0367,1823.93,3,15.68,common_pattern
CLM-0092,661.44,5,55.9,common_pattern
CLM-0340,1002.56,4,15.22,common_pattern
CLM-0898,388.2,3,6.84,common_pattern
CLM-0565,1507.74,3,1.91,common_pattern
CLM-0346,349.67,4,4.25,common_pattern
CLM-0777,1247.77,3,23.22,common_pattern
CLM-0242,593.29,4,101.76,common_pattern
CLM-0014,1017.95,3,35.73,common_pattern
CLM-0316,2251.5,4,106.52,common_pattern
CLM-0601,1009.27,5,11.19,common_pattern
CLM-0388,1630.95,4,88.51,common_pattern
CLM-0274,3043.37,7,59.34,common_pattern
CLM-0167,418.72,2,5.08,common_pattern
CLM-0841,1226.78,3,20.45,common_pattern
CLM-0993,13836.49,32,1.92,injected_unusual_pattern
CLM-0647,250.04,6,45.53,common_pattern
CLM-0819,625.34,4,6.74,common_pattern
CLM-0485,611.19,4,17.12,common_pattern
CLM-0981,24673.44,20,2.84,injected_unusual_pattern
CLM-0505,2841.55,9,22.83,common_pattern
CLM-0832,1292.57,5,32.13,common_pattern
CLM-0244,926.89,6,39.17,common_pattern
CLM-0567,2143.92,3,22.62,common_pattern
CLM-0876,2220.46,4,44.56,common_pattern
CLM-0563,2300.31,2,11.63,common_pattern
CLM-0687,1013.5,4,76.93,common_pattern
CLM-0190,534.94,1,43.07,common_pattern
CLM-0783,1752.09,6,127.26,common_pattern
CLM-0700,625.7,4,44.59,common_pattern
CLM-0476,544.84,4,19.43,common_pattern
CLM-0682,1042.14,2,37.45,common_pattern
CLM-0511,250.66,1,74.42,common_pattern
CLM-0059,1407.91,2,81.11,common_pattern
CLM-0475,623.89,4,36.01,common_pattern
CLM-0561,623.96,3,20.4,common_pattern
CLM-0857,1473.82,5,43.57,common_pattern
CLM-0748,406.29,5,106.9,common_pattern
CLM-0253,1565.8,2,67.1,common_pattern
CLM-0022,2893.73,4,130.16,common_pattern
CLM-0314,2270.78,4,46.67,common_pattern
CLM-0460,1113.04,3,60.18,common_pattern
CLM-0161,1552.48,2,116.26,common_pattern
CLM-0277,475.72,1,20.49,common_pattern
CLM-0956,1808.9,3,45.27,common_pattern
CLM-0192,1426.63,6,16.34,common_pattern
CLM-0386,2975.0,6,5.78,common_pattern
CLM-0806,1180.95,6,11.25,common_pattern
CLM-0414,518.45,3,86.58,common_pattern
CLM-0492,936.18,5,123.39,common_pattern
CLM-0344,979.75,7,11.84,common_pattern
CLM-0770,1144.86,4,57.15,common_pattern
CLM-0309,915.68,5,41.38,common_pattern
CLM-0662,712.14,3,0.53,common_pattern
CLM-0131,527.37,3,48.66,common_pattern
CLM-0664,600.2,3,2.18,common_pattern
CLM-0872,1506.92,6,27.91,common_pattern
CLM-0100,819.51,6,44.15,common_pattern
CLM-0373,2282.31,3,4.96,common_pattern
CLM-0088,915.73,6,46.01,common_pattern
CLM-0459,622.52,4,46.42,common_pattern
CLM-0331,1050.71,3,178.94,common_pattern
CLM-0215,688.17,2,25.62,common_pattern
CLM-0467,782.17,1,40.66,common_pattern
CLM-0122,185.31,6,67.42,common_pattern
CLM-0615,645.8,7,43.68,common_pattern
CLM-0021,4066.53,4,32.83,common_pattern
CLM-0701,509.78,2,43.4,common_pattern
CLM-0072,1749.19,3,45.89,common_pattern
CLM-0107,694.61,3,17.47,common_pattern
CLM-0271,480.93,2,10.58,common_pattern
CLM-0861,4733.39,5,58.89,common_pattern
CLM-0436,360.94,3,39.6,common_pattern
CLM-0103,453.61,1,24.7,common_pattern
